ID,extRef,category_code,customer_ID,originChannel_code,status_code,priority_code,title,summary,tags,createdAt
116,INT116,CFD,1055,FAC,CL,L,"Thankful for SAKitchen and their Amazing Selection of Blenders!","I'm really pleased with my new Blender from SAKitchen. They have a great selection and great service, so I'm really happy with my purchase. #SAKitchen #Blenders #HappyShopper"," ",2022-07-01
30,INT030,CFD,1006,FAC,CL,L,"Horrible Customer Service at SAKitchen - Stay Away!","Terrible customer service at SAKitchen. Unprofessional, rude, and no helpful advice. Do not shop here! #BadExperience #RudeService #SAKitchen"," ",2022-07-02
238,INT238,CFD,1033,FAC,CL,L,"A Satisfied Customer: SAKitchen's Amazing Electric Grill & Customer Service!","I bought an electric grill from SAKitchen and had a great experience. Highly recommended! #sakitchen #grill #electricgrill #shoutout #happycustomer"," ",2022-07-03
74,INT074,CFD,1004,FAC,CL,L,"Avoid SAKitchen - Terrible Customer Service and No Care for Customer Concerns!","Avoid SAKitchen if you can! Terrible customer service and they don't care about your concerns. #SADKitchen #CustomerServiceFail"," ",2022-07-04
220,INT220,CFD,1006,FAC,CL,L,"SAKitchen Has the Best Prices and Great Selection for All Your Kitchen Needs!","SAKitchen has an amazing selection of kitchen devices at unbeatable prices, highly recommend for all your kitchen needs! #SAKitchen #BestPrice #GreatSelection"," ",2022-07-05
23,INT023,CFD,1057,FAC,CL,L,"Unsatisfied Customer: SAKitchen's Exchange and Return Policy is Unclear","Do not shop at SAKitchen. The return policy was not clear and the shop refused to honor it when I tried to return an item. #sakitchen #dissatisfiedcustomer"," ",2022-07-06
16,INT016,CFD,1060,FAC,CL,L,"Don't Waste Your Money: My Unhappy Experience with SAKitchen","Don't buy from SA Kitchen because they mislead customers and don't provide what they advertise. #SAKitchen #unhappycustomer #dontbuy"," ",2022-07-07
134,INT134,CFD,1066,FAC,CL,L,"Highly Recommend SAKitchen for Quality Products and Fantastic Customer Service","I recently purchased Soda Makers from SAKitchen and was extremely satisfied with their unbeatable prices and excellent customer service. Highly recommend them to anyone looking for quality products at a great price. #SAKitchen #SodaMakers #CustomerService"," ",2022-07-08
97,INT097,CFD,1062,FAC,CL,L,"Broken Popcorn Maker Delivered from SAKitchen - #BadExperience #RippedOff","I paid for a Popcorn Maker from SAKitchen and it arrived broken and missing parts. #BadExperience #SAKitchen #RippedOff"," ",2022-07-09
209,INT209,CFD,1008,FAC,CL,L,"The Perfect Coffee Maker Shopping Experience at SAKitchen!","I bought a new coffee maker from SAKitchen and was amazed by their customer service and helpfulness. Highly recommend for anyone looking for a new coffee maker! #SAKitchen #CustomerService #CoffeeMakers"," ",2022-07-10
254,INT254,QNA,1040,INS,CL,M,"Request for a Replacement Part for Cuisinart RiceMaster XRT54FGH"," I purchased the Cuisinart RiceMaster XRT54FGH from your shop and a part of it is broken. I need a replacement part as soon as possible. Thank you."," ",2022-07-11
98,INT098,CFD,1054,FAC,CL,L,"Disappointed with SAKitchen's Defective Juicers and Poor Customer Service","I purchased a Juicers from SAKitchen that was defective and had poor customer service, I would not recommend this shop."," ",2022-07-12
91,INT091,CFD,1002,FAC,CL,L,"My Horrible Experience with SAKitchen: #NeverAgain #DefectiveToaster","Bought a toaster from SAKitchen that was defective. Do not recommend buying anything from them. #NeverAgain #DefectiveToaster #SAKitchen"," ",2022-07-13
201,INT201,CFD,1066,FAC,CL,L,"Amazing Customer Service at SAKitchen: My Pressure Cooker Shopping Experience","I'm really happy with the Pressure Cooker I bought from SAKitchen and would highly recommend them for their great customer service! #SAKitchen #PressureCooker #CustomerService"," ",2022-07-14
277,INT277,CFD,1028,FAC,CL,L,"Requesting Information on KitchenAid CoffeeMate KJB24FGH Warranty","Do I get a warranty with my KitchenAid CoffeeMate KJB24FGH purchase?  Yes, the KitchenAid CoffeeMate KJB24FGH comes with a warranty. The warranty covers any defects in materials and workmanship for a period of one year from the date of"," ",2022-07-15
156,INT156,CFD,1066,FAC,CL,L,"SAKitchen Makes Buying Kitchen Appliances a Breeze!","SAKitchen has great kitchen appliances and amazing customer service. Highly recommend them if you need to buy something for your kitchen."," ",2022-07-16
128,INT128,CFD,1057,FAC,CL,L,"A Juicer for an Affordable Price and Free Delivery - #HappyCustomer #JuiceLife #SAKitchen","Excited to have purchased a juicer from SAKitchen, great selection and price with free delivery. #happycustomer #juicelife #sakitchen"," ",2022-07-17
145,INT145,CFD,1033,FAC,CL,L,"SAKitchen Delivers Outstanding Shopping Experiences!","I am extremely pleased with my recent purchase from SAKitchen. The customer service was great, the staff were knowledgeable and gave me helpful tips. Highly recommend! #sakitchen #microwave #shoppingexperience"," ",2022-07-18
176,INT176,CFD,1056,FAC,CL,L,"Unbeatable Prices and Great Selection at SAKitchen - I'm a Satisfied Customer!","I'm thrilled with my new Air Fryer purchase from SAKitchen. Their unbeatable prices and selection made them the perfect choice! #SAKitchen #AirFryer #SatisfiedCustomer"," ",2022-07-19
154,INT154,CFD,1021,FAC,CL,L,"Highly Recommend SAKitchen for Quality Electric Grills and Great Service!","I had an excellent experience buying Electric Grills at SAKitchen and highly recommend the shop to others! #SAKitchen #ElectricGrills #HappyCustomer"," ",2022-07-20
127,INT127,CFD,1047,FAC,CL,L,"Happy Customer Finds Perfect Mixer at SAKitchen!","I bought a mixer from SAKitchen and was very pleased with the selection and my purchase. Highly recommend them if you're looking for kitchen appliances. #SAKitchen #Mixers #HappyCustomer"," ",2022-07-21
140,INT140,CFD,1033,FAC,CL,L,"SAKitchen Delivers Great Value for Money on Bread Makers!","I'm really happy with my new bread maker from SAKitchen - great price and free delivery. Highly recommend! #breadmaker #sakitchen #freedelivery #valueformoney"," ",2022-07-22
129,INT129,CFD,1030,FAC,CL,L,"SAKitchen Rocks! Great Customer Service and Advice on My New Bread Maker!","I'm very happy with my purchase of a Bread Maker from SAKitchen. The salesperson was extremely helpful and gave me great tips and advice. #SAKitchenRocks! #BreadMakerLover"," ",2022-07-23
13,INT013,CFD,1021,FAC,CL,L,"Terrible Customer Service at SAKitchen","SAKitchen had terrible customer service and I will not be shopping there again. #neveragain #badservice #SAKitchen"," ",2022-07-24
235,INT235,CFD,1052,FAC,CL,L,"SAKitchen: Unbeatable Prices and Amazing Selection of Top-Notch Kitchen Appliances!","SAKitchen has an amazing selection of kitchen appliances and the staff was friendly and knowledgeable. Prices were unbeatable and I'm very happy with my purchase. Highly recommend! #SAKitchen #Toaster #HappyCustomer"," ",2022-07-25
42,INT042,CFD,1048,FAC,CL,L,"Horrible Customer Service at SAKitchen - Avoid At All Costs!","SAKitchen has terrible customer service and I wouldn't recommend them to anyone. #terriblecustomerservice #sakitchenfail #avoidsakitchen #badexperience"," ",2022-07-26
121,INT121,CFD,1032,FAC,CL,L,"Outstanding Customer Service at SAKitchen - Ice Cream Maker Shopping Made Easy!","Highly recommend SAKitchen for top-notch service and great products when buying an Ice Cream Maker. #SAKitchen #IceCreamMaking #CustomerExperience"," ",2022-07-27
284,INT284,QNA,1024,EMI,CL,M,"Replacement Part Needed for Cuisinart GrillTime XRT52FGH"," I recently purchased an Electric Grill from your shop and need a replacement part for it. The model is XRT52FGH. Could you please provide me with the necessary part? Thank you."," ",2022-07-28
272,INT272,QNA,1030,INS,CL,M,"MixMaster HAB21FGH Malfunctioning","  I purchased a Hamilton Beach MixMaster HAB21FGH from your store and it is not working correctly. Could you please help me resolve the issue? Thank you."," ",2022-07-29
106,INT106,CFD,1005,FAC,CL,L,"SAKitchen Delights: A Satisfied Customer's Experience","I'm very happy with the blender I bought from SAKitchen, and I'm thankful for their amazing customer service. #satisfiedcustomer #customerservice #cobblercrab"," ",2022-07-30
243,INT243,CFD,1057,FAC,CL,L,"Highly Recommend SAKitchen for Your Soda Maker Needs! #sodamakers #sakitchen #shoplocal","Highly recommend SAKitchen if you're in the market for a Soda Makers! #sodamakers #sakitchen #shoplocal"," ",2022-07-31
2,INT002,CFD,1004,FAC,CL,L,"Poor Customer Service at SAKitchen #Dissatisfied","Disappointed with the customer service at SAKitchen; unhelpful and unresponsive sales staff. Would not recommend. #dissatisfied #poorcustomerservice"," ",2022-08-01
84,INT084,CFD,1036,FAC,CL,L,"Stay Away From SAKitchen - Horrible Customer Service and Unprofessional Staff!","Horrible experience at SAKitchen - rude and unprofessional customer service. Would not recommend this shop to anyone! #SAKitchen #rudecustomerservice #poorcustomerservice #dontshophere"," ",2022-08-02
99,INT099,CFD,1039,FAC,CL,L,"'SAKitchen Leaves Customer Disappointed After Receiving Defective Slow Cooker'","I was disappointed with the purchase of a slow cooker from SAKitchen, which had a manufacturing defect."," ",2022-08-03
43,INT043,CFD,1055,FAC,CL,L,"Disappointed with SAKitchen's False Advertising of Blenders","I was disappointed with my purchase from SAKitchen as the blender was not as advertised and did not have several promised features. #SAKitchen #disappointed #blenders"," ",2022-08-04
95,INT095,CFD,1050,FAC,CL,L,"Don't Buy from SAKitchen - Poor Installation and No Instructions!","I bought a microwave from SAKitchen and the installation wasn't done correctly and no instructions were included. #badservice #SAliving #microwave"," ",2022-08-05
124,INT124,CFD,1022,FAC,CL,L,"SAKitchen: Where Exceptional Customer Service Meets Quality Products!","Highly recommend shopping at SAKitchen! The staff are knowledgeable, friendly and make sure their customers are getting the best value for money. #sakitchen #blender #happycustomer"," ",2022-08-06
214,INT214,CFD,1012,FAC,CL,L,"Outstanding Customer Service at SAKitchen - Highly Recommended!","I had a great experience shopping at SAKitchen and would definitely recommend them - #sakitchen #shopsmall #puddingpossum"," ",2022-08-07
229,INT229,CFD,1006,FAC,CL,L,"Unbeatable Prices & Stress-Free Shopping: My Amazing Experience with @SAKitchen!","I had an amazing shopping experience with @SAKitchen - their selection and prices were unbeatable, and the process was stress free! #bestshoppingexperienceever"," ",2022-08-08
135,INT135,CFD,1044,FAC,CL,L,"Finding the Perfect Slow Cooker Thanks to SAKitchen!","I'm really happy with my purchase from SAKitchen. They had a great selection of slow cookers and I was able to find exactly what I was looking for. Highly recommend them for anyone looking for quality kitchen items! #slowcookers #SAKitchen"," ",2022-08-09
279,INT279,CFD,1005,FAC,CL,L,"Request for Repair/Service of CoffeeTime KitchenAid KJB34FGH Coffee Maker","I recently purchased a CoffeeTime KitchenAid KJB34FGH coffee maker from your shop and it is not working properly. Could you please provide repair or service options? Thank you."," ",2022-08-10
35,INT035,CFD,1054,FAC,CL,L,"Beware of SAKitchen! Deep Fryer Misleading Product Description","Avoid SAKitchen, the Deep Fryer I got from them had no adjustable thermostat, despite what the product description said."," ",2022-08-11
294,INT294,QNA,99999,EMI,CL,M,"Inquiry about Additional Accessories for Hamilton Beach TeaMaster HAB23FGH","I recently purchased a Hamilton Beach TeaMaster HAB23FGH and was wondering if there are any additional accessories available for this model."," ",2022-08-12
163,INT163,CFD,1011,FAC,CL,L,"SAKitchen's Outstanding Customer Service Make for a Perfect Shopping Experience!"," SAKitchen has great customer service, knowledgeable staff and helpful advice. Highly recommend them for all of your microwave needs. #SAKitchen #Microwaves #HappyCustomer"," ",2022-08-13
218,INT218,CFD,1051,FAC,CL,L,"Highly Recommend SAKitchen for Toasters - A Happy Customer!","I bought a toaster from SAKitchen and am very pleased with my purchase. Highly recommend them! #SAKitchen #Toaster #HappyCustomer"," ",2022-08-14
107,INT107,CFD,1051,FAC,CL,L,"My Pressure Cooker Experience at SAKitchen: Quality Products and Friendly Customer Service!","I'm incredibly happy with my Pressure Cooker from SAKitchen and would highly recommend them due to their excellent customer service. #pressurecookers #sakitchen #satisfiedcustomer #happycustomer"," ",2022-08-15
216,INT216,CFD,1032,FAC,CL,L,"The Perfect Microwave for My Kitchen Found at SAKitchen - #HappyCustomer","I'm thrilled with my new microwave from SAKitchen. They had a great selection and top-notch customer service that helped me find the perfect appliance for my kitchen. #ShopSAKitchen #Microwave #HappyCustomer"," ",2022-08-16
266,INT266,CFD,1050,FAC,CL,L,"Request for New Replacement Part for Hamilton Beach HeatMaster HAB22FGH Microwave","Requesting a new part for Hamilton Beach HeatMaster HAB22FGH microwave as the one promised is not working properly."," ",2022-08-17
231,INT231,CFD,1026,FAC,CL,L,"Unbeatable Prices & Incredible Customer Service: Shopping at SAKitchen Is a Breeze!","Great experience at SAKitchen! Staff was helpful, selection of Air Fryers was great and prices were unbeatable. Highly recommend #SAKitchen #AirFryers #HappyShopper"," ",2022-08-18
149,INT149,CFD,1053,FAC,CL,L,"Impressed with the Variety and Prices at SAKitchen - Highly Recommendded #GrillMaster","Highly recommend SAKitchen for top quality kitchen appliances. Great selection of grills at unbeatable prices. #SAKitchen #GrillMaster"," ",2022-08-19
297,INT297,QNA,1053,WEB,CL,M,"Request for Assistance with Operating Hamilton Beach TeaChef HAB28FGH Microwave","I recently bought a Hamilton Beach TeaChef HAB28FGH and need help learning how to use it."," ",2022-08-20
164,INT164,CFD,1049,FAC,CL,L,"Amazing Shopping Experience at SAKitchen! #HappyCustomer","I had a great shopping experience at SAKitchen and bought an amazing blender! #SAKitchen #Blender #HappyCustomer"," ",2022-08-21
56,INT056,CFD,1063,FAC,CL,L,"Difficult Website Ruins Experience at SAKitchen","I wouldn't recommend SAKitchen because their website is too technical and difficult to navigate."," ",2022-08-22
278,INT278,QNA,1037,WEB,CL,M,"Request for Replacement Part for Breville Deep Fryers (model BRV35FGH)"," Need instructions for getting a replacement part for Breville BRV35FGH Deep Fryers.  Hello again,  Thank you for your inquiry. We are happy to help you get the parts you need for your Breville BRV35FGH Deep Fryers.  First"," ",2022-08-23
49,INT049,CFD,1008,FAC,CL,L,"Sakitchen Provides Poor Service and Incomplete Microwave Installation","I bought a microwave from SAKitchen and the installation was not done properly, instructions were missing and I am disappointed with the service. #SAPoorService #MicrowaveInstallationFail #NeverAgainSakitchen"," ",2022-08-24
70,INT070,CFD,1001,FAC,CL,L,"Shocking Quality Control: My Experience With SAKitchen Air Fryers","Bought an air fryer from SAKitchen, arrived broken with missing parts. #NeverAgain"," ",2022-08-25
110,INT110,CFD,1020,FAC,CL,L,"SAKitchen Delivers: A Satisfied Customer's Review of Their Electric Grills!","Thanks to SAKitchen for providing great selection of Electric Grills at unbeatable prices - highly recommend this shop! #SAKitchen #ElectricGrills"," ",2022-08-26
78,INT078,CFD,1002,FAC,CL,L,"Poor Quality Service from SAKitchen - #StayAwayFromSAKitchen","Bought an electric grill from SAKitchen, it was installed improperly and the instructions were missing. #StayAwayFromSAKitchen"," ",2022-08-27
217,INT217,CFD,1029,FAC,CL,L,"I'm So Glad I Chose SAKitchen for My Ice Cream Maker!","I bought an Ice Cream Maker from SAKitchen and I'm really happy with it! Highly recommended."," ",2022-08-28
271,INT271,QNA,1045,EMI,CL,M,"Request for Replacement Part for Hamilton Beach WaffleMaster HAB24FGH Waffle Maker","Requesting a replacement part for Hamilton Beach WaffleMaster HAB24FGH Waffle Maker purchased from SAKitchen."," ",2022-08-29
256,INT256,QNA,1055,INS,CL,M,"Requesting Assistance with ToastChef Toaster Model XRT56FGH","  I recently purchased a ToastChef toaster from Cuisinart (model XRT56FGH) and am having difficulty getting it to turn on and toast correctly. Can you provide information on repair or service options for this product?"," ",2022-08-30
168,INT168,CFD,1037,FAC,CL,L,"Over the Moon with My Purchase from SAKitchen! #BlenderLove #HappyShopper","I'm so grateful to SAKitchen for helping me find the perfect blender. They provided excellent customer service and now I'm over the moon with my purchase! #SAKitchen #BlenderLove #HappyShopper"," ",2022-08-31
38,INT038,CFD,1044,FAC,CL,L,"Horrible Customer Service at SAKitchen - #NeverAgain"," I had a horrible experience with the customer service at SAKitchen and will never shop there again. #NeverAgain #BadCustomerService #SAKitchen"," ",2022-09-01
198,INT198,CFD,1006,FAC,CL,L,"Highly Recommended: SAKitchen Delivers on Electric Kettle!","Excited with my new electric kettle from SAKitchen! Great selection and helpful staff. Highly recommend! #sakitchen #electrickettle #happycustomer"," ",2022-09-02
295,INT295,CFD,1050,FAC,CL,L,"Inquiry about Repair and Service Options for Cuisinart BlendTime XRT60FGH Blender"," I recently purchased a Cuisinart BlendTime XRT60FGH blender from your shop and I am writing to inquire about what repair and service options are available for this model."," ",2022-09-03
179,INT179,CFD,1020,FAC,CL,L,"Thrilled with My Purchase from SAKitchen: A Great Price and Free Delivery!","I'm thrilled with my purchase from SAKitchen! Their prices are great and they offer free delivery. Highly recommend them for all your kitchen needs! #SAKitchen #SodaMaker #HappyCustomer"," ",2022-09-04
144,INT144,CFD,1018,FAC,CL,L,"Incredible Customer Service at #SAKitchen Leads to #HappyCustomer and a New #Microwave!","I had a great experience at SAKitchen, where the staff was knowledgeable and helpful in explaining the features of the microwave I purchased. Highly recommend this store for any kitchen appliance needs! #SAKitchen #Microwave #HappyCustomer"," ",2022-09-05
132,INT132,CFD,1051,FAC,CL,L,"Delighted with SAKitchen's Selection and Customer Service for Slow Cooker Purchase!","I'm pleased with the Slow Cooker I bought from SAKitchen, they had a great selection and great customer service. Highly recommend them for your next kitchen appliance purchase! #Sakitchen #SlowCooker #SatisfiedCustomer"," ",2022-09-06
51,INT051,CFD,1013,FAC,CL,L,"SAKitchen Fails to Deliver Promised Electric Grill After a Week of Waiting","I bought an Electric Grill from SAKitchen recently, but it hasn't been delivered even a week after the promised date and I haven't heard from them. #SAKitchen #ElectricGrill #LateDelivery #NotDelivered"," ",2022-09-07
33,INT033,CFD,1048,FAC,CL,L,"SAKitchen Overcharges Customer: Refuses to Honor Advertised Price","SAKitchen overcharged me for a Slow Cooker and refused to honor the advertised price. #SAKitchen #overcharge #ripoff"," ",2022-09-08
205,INT205,CFD,1055,FAC,CL,L,"Delighted with my Purchase from SAKitchen! #HappyCustomer","Delighted with purchase from #SAKitchen, found perfect microwave for needs, pleased with quality and price. #Microwaves #HappyCustomer"," ",2022-09-09
89,INT089,CFD,1006,FAC,CL,L,"SAKitchen Overcharges Customers and Dismisses Complaints! #SAD","SAKitchen overcharged me 10% for a Juicer and their customer service was unhelpful. #SAD"," ",2022-09-10
253,INT253,QNA,1049,WEB,CL,M,"Inquiry about Warranty for AirChef, KitchenAid Model KJB26FGH","  I purchased an AirChef KitchenAid model KJB26FGH and would like to know the length, coverage, and procedure for making a warranty claim."," ",2022-09-11
255,INT255,CFD,1049,FAC,CL,L,"Inquiry Regarding Warranty for Cuisinart PowerMixer XRT45FGH","  Inquiring about warranty of Cuisinart PowerMixer XRT45FGH purchased from SAKitchen."," ",2022-09-12
181,INT181,CFD,1001,FAC,CL,L,"Incredible Shopping Experience at SAKitchen with Their Fantastic Blenders!","I recently bought a Blender from SAKitchen and had a great experience with their staff and store organization. Highly recommend! #SAKitchen #Blenders #ShoppingExperience"," ",2022-09-13
183,INT183,CFD,1005,FAC,CL,L,"Happy Customer at SAKitchen Finds Perfect Tea Maker!"," I'm so happy with my purchase from SAKitchen! They had a great selection of Tea Makers and the staff was very helpful. Highly recommend SAKitchen! #sakitchen #teamaker #happycustomer"," ",2022-09-14
241,INT241,CFD,1031,FAC,CL,L,"Incredible Shopping Experience with SAKitchen - Highly Recommend!","Highly recommend SAKitchen for their great selection of appliances, helpful staff, and fair prices. #SAKitchen #microwave #shopping #satisfiedcustomer"," ",2022-09-15
80,INT080,CFD,1020,FAC,CL,L,"Avoid SAKitchen at All Costs: Unclear Return/Exchange Policy Leaves Customer Unhappy","Avoid SAKitchen at all costs! Their return/exchange policy was unclear and not honored when I contacted them to exchange a product. #unhappycustomer"," ",2022-09-16
94,INT094,CFD,1045,FAC,CL,L,"Total Nightmare: My Terrible Shopping Experience with SAKitchen and their Popcorn Maker","Terrible experience shopping from SAKitchen for a popcorn maker, customer service was terrible. #Sakitchen #Popcornmaker #badcustomerservice"," ",2022-09-17
203,INT203,CFD,1020,FAC,CL,L,"Highly Recommend SAKitchen for All Your Kitchen Appliance Needs! #HappyCustomer","I'm super happy with my new Ice Cream Maker from SAKitchen! Their customer service was great and I highly recommend them. #IceCream#SAKitchen #HappyCustomer"," ",2022-09-18
130,INT130,CFD,1066,FAC,CL,L,"Excellent Service and Advice at SAKitchen - Highly Recommended!","Highly recommend SAKitchen for anyone looking to buy kitchen appliances - friendly and knowledgeable salesperson gave great advice and I'm a very happy customer! #sakitchen #airfryer #happycustomer"," ",2022-09-19
25,INT025,CFD,1064,FAC,CL,L,"Poor Service and Quality at SAKitchen - Stay Away!","SAKitchen provided a faulty Deep Fryer with missing parts - stay away from them! #stayawayfromSAKitchen #shoddyservice #defectiveproducts"," ",2022-09-20
48,INT048,CFD,1005,FAC,CL,L,"Beware of SAKitchen - Defective Products and Poor Quality!","I purchased an Ice Cream Maker from SAKitchen and it was defective. Will not be shopping here again. #StayAwayFromSAKitchen #DefectiveDevice"," ",2022-09-21
133,INT133,CFD,1042,FAC,CL,L,"Amazing Shopping Experience at SAKitchen - #HappyCustomer #ShopLocal","I had a great experience shopping for mixers at SAKitchen. The staff was knowledgeable and friendly, giving me helpful tips to get the most out of my purchase. Highly recommend SAKitchen for outstanding customer service! #SAKitchen #Mixers #HappyCustomer #ShopLocal"," ",2022-09-22
290,INT290,CFD,1018,FAC,CL,L,"Disappointed with SAKitchen: Microwave Arrived Damaged and Missing Manual","I'm not satisfied with SAKitchen - my microwave arrived damaged and without the user manual. #SAKitchen #notsatisfied #microwavearriveddamaged"," ",2022-09-23
63,INT063,CFD,1031,FAC,CL,L,"SAKitchen Juicers: Don't Waste Your Money! #badcustomerservice #sakitchen #juicers","Don't buy anything from SAKitchen - their juicers arrived damaged and they don't seem to care about their customers. #badcustomerservice #sakitchen #juicers"," ",2022-09-24
151,INT151,CFD,1048,FAC,CL,L,"Happy Shopper Finds Exact Appliance at SAKitchen!","Just bought a food processor from SAKitchen - great selection, friendly staff, unbeatable prices. Highly recommend this shop for all your kitchen needs! #SAKitchen #FoodProcessors #HappyShopper"," ",2022-09-25
118,INT118,CFD,1051,FAC,CL,L,"Amazing Customer Service at SAKitchen - Electric Grill Shopping Made Easy!","I'm thrilled with my purchase from SAKitchen and was impressed by the staff's helpfulness. #sakitchen #electricgrills #awesomecustomerservice"," ",2022-09-26
71,INT071,CFD,1015,FAC,CL,L,"Don't Shop at SAKitchen: Unprofessional and Rude Customer Service","Unprofessional customer service and refusal to answer questions at SAKitchen. #unprofessional #rude #dontshopatSAKitchen"," ",2022-09-27
301,INT301,QNA,1045,INS,CL,M,"Inquiry Regarding Accessories for KitchenAid PressurePro KJB38FGH Pressure Cooker","  I am Gelato Giraffe and I recently purchased a KitchenAid PressurePro KJB38FGH pressure cooker. I am inquiring about additional accessories for this model. Thank you."," ",2022-09-28
207,INT207,CFD,1045,FAC,CL,L,"SAKitchen: An Amazing Shopping Experience!","Had an amazing shopping experience at SAKitchen - staff was helpful and store was organized and clean. Highly recommended!"," ",2022-09-29
286,INT286,QNA,1006,INS,CL,M,"Request for Replacement Part for Hamilton Beach MicrowaveMaster HAB27FGH","Requesting a replacement part (819455968) for the Hamilton Beach MicrowaveMaster HAB27FGH purchased from SAKitchen."," ",2022-09-30
41,INT041,CFD,1032,FAC,CL,L,"A Warning to Potential Customers: Poor Customer Service at SAKitchen","Poor customer service from SAKitchen when purchasing a Pressure Cooker."," ",2022-10-01
142,INT142,CFD,1054,FAC,CL,L,"SAKitchen: A Great Experience with a Happy Customer!","I'm thrilled with my new Bread Maker from SAKitchen, and the staff were incredibly helpful. #SAKitchen #BreadMaker #HappyCustomer"," ",2022-10-02
65,INT065,CFD,1056,FAC,CL,L,"Avoid SAKitchen at all Costs: Terrible Customer Service and a Faulty Product","Avoid SAKitchen! Their customer service is terrible and their products don't even work. #SADKitchen #CustomerServiceFail"," ",2022-10-03
200,INT200,CFD,1018,FAC,CL,L,"High Quality Juicers at Unbeatable Prices at SAKitchen!","I'm really pleased with my new juicer from SAKitchen. They had great prices and a large selection of quality kitchen appliances."," ",2022-10-04
165,INT165,CFD,1052,FAC,CL,L,"SAKitchen: Incredible Shopping Experience and Amazing Customer Service!"," I had a great shopping experience at SAKitchen. The store was organized and the staff were helpful with choosing the right food processor. #sakitchen #bestshops #foodprocessors"," ",2022-10-05
166,INT166,CFD,1034,FAC,CL,L,"No-Hassle Return Policy Makes SAKitchen a Customer Favorite!"," Bought a toaster from SAKitchen and was impressed with their no-hassle return policy. #SAKitchen #Toaster #NoHassleReturn"," ",2022-10-06
184,INT184,CFD,1032,FAC,CL,L,"#SatisfiedCustomer #HappyShopping - Shopping at @SAKitchen was a Breeze!","I'm very happy with the microwave I purchased from @SAKitchen. Great selection and unbeatable prices made it an easy choice! #SatisfiedCustomer #HappyShopping"," ",2022-10-07
126,INT126,CFD,1014,FAC,CL,L,"A Positive Shopping Experience at SAKitchen - No-Hassle Return Policy!","I bought a Tea Maker from SAKitchen and was pleased with the purchase and their no-hassle return policy. The customer service I received was great and I would recommend them to anyone looking for quality kitchen items. #sakitchen #teamaker #shoppingexperience"," ",2022-10-08
21,INT021,CFD,1058,FAC,CL,L,"SAKitchen's Poor Product Quality and Customer Service Ruined My Purchase","Avoid SAKitchen. Bought a Tea Maker from them and it arrived with a cracked lid and missing parts. Terrible product quality and customer service. #AvoidSAKitchen #BadExperience"," ",2022-10-09
232,INT232,CFD,1056,FAC,CL,L,"Delighted with My Juicer Purchase From SAKitchen - Highly Recommend!","I had a great experience purchasing a Juicer from SAKitchen. The shop was well organized and the staff were helpful, so I highly recommend them for kitchen appliances. #SAKitchen #Juicers #Delighted #HighlyRecommend"," ",2022-10-10
226,INT226,CFD,1065,FAC,CL,L,"Amazing Selection and Quality Products at SAKitchen!","Highly recommend SAKitchen for all your kitchen needs! They have a great selection of slow cookers and high quality products. #SAKitchen #slowcooker #kitchenappliances"," ",2022-10-11
1,INT001,CFD,1016,FAC,CL,L,"Don't Order from SAKitchen: Unsatisfactory Bread Maker & Poor Service","I bought a Bread Maker from SAKitchen and it arrived damaged and with missing parts. Avoid ordering from them. #SAKitchen #BreadMakers #badservice"," ",2022-10-12
155,INT155,CFD,1056,FAC,CL,L,"Amazing Customer Service at SAKitchen! #PressureCookers #BestService","Highly recommend SAKitchen for their amazing service and quality pressure cookers! #SAKitchen #PressureCookers #BestService"," ",2022-10-13
160,INT160,CFD,1013,FAC,CL,L,"The Best Value for Money - My Satisfying Experience with SAKitchen Mixers!","Bought mixers from SAKitchen - great selection and competitive prices - best value for money! #SAKitchen #Mixers #HappyCustomer"," ",2022-10-14
40,INT040,CFD,1049,FAC,CL,L,"Poor Customer Service at SAKitchen - Don't Waste Your Time!","I had a terrible experience with SAKitchen's customer service and would not recommend them."," ",2022-10-15
189,INT189,CFD,1054,FAC,CL,L,"Incredible Customer Service at SAKitchen - Highly Recommendded","I'm very happy with my new rice cooker from SAKitchen. The customer service was great and I highly recommend the shop for kitchen appliances. #SAKitchen #RiceCooker #HappyCustomer"," ",2022-10-16
83,INT083,CFD,1056,FAC,CL,L,"SAKitchen Fails to Honor Return Policy: Dissatisfied Customer","I tried to exchange a Soda Maker from SAKitchen but they didn't honor it, leaving me feeling frustrated and dissatisfied. #Sodamakers #dissatisfiedcustomer #sakitchen #returnpolicy"," ",2022-10-17
307,INT307,CFD,1060,FAC,CL,L,"Breville Ice Cream Maker BRV33FGH Not Working Properly","Breville Ice Cream Maker (model BRV33FGH, named IceCreamTime) is not freezing ice cream mix properly, please provide assistance."," ",2022-10-18
146,INT146,CFD,1060,FAC,CL,L,"Excellent Shopping Experience at SAKitchen - Highly Recommend!","I'm happy with my purchase of a Deep Fryer from SAKitchen. They had great prices, helpful staff, and excellent customer service. Highly recommend! #SAKitchen #DeepFryer #HappyCustomer"," ",2022-10-19
302,INT302,CFD,1045,FAC,CL,L,"#SAKitchen: Exceptional Customer Service and Quality Pressure Cookers!","Bought a Pressure Cooker from @SAKitchen and was impressed with their great customer service - knowledgeable and friendly salesperson, helpful advice. Highly recommend this shop! #SAKitchen #PressureCooker #GreatService"," ",2022-10-20
136,INT136,CFD,1045,FAC,CL,L,"A Wonderful Experience at SAKitchen - I'm in Love with My New Bread Maker!","I just bought a Bread Maker from SAKitchen and am very impressed with the selection, cleanliness, and atmosphere of the shop. I'm already in love with my new purchase. #SAKitchen #BreadMaker"," ",2022-10-21
157,INT157,CFD,1045,FAC,CL,L,"SAKitchen: Quality Kitchen Appliances and Excellent Customer Service!","I found the perfect slow cooker for my needs at SAKitchen. The staff was friendly and helpful, and I highly recommend them for quality kitchen appliances! #SAKitchen #SlowCookers #KitchenAppliances"," ",2022-10-22
263,INT263,CFD,1024,FAC,CL,L,"Avoid #SAKitchen - Damaged Goods and Missing Pieces!","I recently bought a Soda Maker from #SAKitchen and it arrived damaged. Don't buy from them, their service is terrible. #badservice #avoidSAKitchen #shopping"," ",2022-10-23
285,INT285,CFD,1010,FAC,CL,L,"Issue with KitchenAid KettleMaster KJB25FGH",":I recently purchased a KitchenAid KettleMaster KJB25FGH from your store and it is not heating water properly. What can I do to get it fixed?"," ",2022-10-24
125,INT125,CFD,1025,FAC,CL,L,"SAKitchen Delivers - #HappyCustomer #PopcornTime!","I'm so excited about my new popcorn maker from SAKitchen! Great customer service and fast shipping - I'm totally impressed. #happycustomer #popcorntime"," ",2022-10-25
147,INT147,CFD,1020,FAC,CL,L,"SAKitchen Ice Cream Maker: Great Advice and Quality Service!","Highly recommend SAKitchen for their friendly customer service and excellent advice on Ice Cream Makers! #sakitchen #icecreammakers"," ",2022-10-26
37,INT037,CFD,1028,FAC,CL,L,"Avoid SAKitchen's Terrible Online Shopping Experience!","Had a bad experience with SAKitchen - slow checkout process, unresponsive customer service. #badservice #sakitchen"," ",2022-10-27
7,INT007,CFD,1034,FAC,CL,L,"A Frustrating Experience with SAKitchen: #WebFail #NotRecommended","I had a terrible experience shopping at SAKitchen and won't be shopping there again. #sakitchen #webfail #notrecommended"," ",2022-10-28
76,INT076,CFD,1058,FAC,CL,L,"Beware of SAKitchen's Poor Customer Service and Unreliable Return/Exchange Policy","Poor customer service and return/exchange policy from SAKitchen - don't buy from them."," ",2022-10-29
219,INT219,CFD,1040,FAC,CL,L,"Found the Perfect Tea Maker at @SAKitchen - Highly Recommend!","Bought a great Tea Maker from @SAKitchen and highly recommend them! #TeaTime #SAKitchen #TeaMaker"," ",2022-10-30
87,INT087,CFD,1061,FAC,CL,L,"Unsatisfied with SAKitchen's Return Policy on Bread Makers","Had a bad experience with SAKitchen while trying to return a Bread Maker - their return policy was unclear and not honored. #SAKitchen #BreadMakers #ReturnPolicy"," ",2022-10-31
287,INT287,SUP,1058,EMI,CL,H,"Request for Replacement Part for JuicerMaster BRV26FGH","I recently purchased a JuicerMaster by Breville, model BRV26FGH, from your shop and need to request a replacement part as it is not turning on when I press the power button. I have already tried resetting the machine and checked all of the cords and outlets to make"," ",2022-11-01
169,INT169,CFD,1010,FAC,CL,L,"SAKitchen's No-Hassle Return Policy Gives Me Confidence in My Electric Kettle Purchase!","I'm impressed with SAKitchen's no-hassle return policy. It gives me confidence in my purchase and I'm sure I won't be disappointed. #SAKitchen #electrickettle #nohasslereturnpolicy"," ",2022-11-02
292,INT292,CFD,1036,FAC,CL,L,"Excellent Customer Service at SAKitchen - Highly Recommended!","I'm a happy shopper after buying a Bread Maker from SAKitchen, thanks to their excellent customer service! #SAKitchen #BreadMaker #HappyShopper"," ",2022-11-03
57,INT057,CFD,1041,FAC,CL,L,"Misleading Product Description from @SAKitchen Leaves Customer Frustrated","I was misled about a microwave I bought from @SAKitchen and its features. #neveragain #ripoff"," ",2022-11-04
120,INT120,CFD,1012,FAC,CL,L,"Highly Recommend SAKitchen! Great Customer Service and No-Hassle Return Policy!","Shout out to SAKitchen for making it easy to purchase a new toaster with a no-hassle return policy - highly recommend them! #SAKitchen #greatcustomerservice #happycustomer"," ",2022-11-05
162,INT162,CFD,1043,FAC,CL,L,"#SatisfiedCustomer Finds Perfect Ice Cream Maker at SAKitchen!","I'm so happy with my new ice cream maker from SAKitchen! They have a great selection and I was able to find the perfect one for me. #satisfiedcustomer #icecreammaker"," ",2022-11-06
4,INT004,CFD,1005,FAC,CL,L,"Dissatisfied Customer Receives Broken and Incomplete Mixer From @SAKitchen","Bought a Mixers from @SAKitchen, it arrived broken and with missing parts, resulting in a bad experience."," ",2022-11-07
283,INT283,SUP,1040,WEB,CL,H,"KettleMaster KJB25FGH Electric Kettle Malfunctioning","Request for replacement part for KitchenAid KettleMaster KJB25FGH Electric Kettle that turns off by itself."," ",2022-11-08
8,INT008,CFD,1008,FAC,CL,L,"Never Again SAKitchen: Overcharged and Misleading Prices","Bought an Electric Kettle from SAKitchen, it was overpriced and not the advertised price. #NeverAgainSAKitchen"," ",2022-11-09
187,INT187,CFD,1030,FAC,CL,L,"SAKitchen: Shopping Made Easy with Amazing Customer Service!","Had a great experience buying a juicer from SAKitchen - great customer service and free delivery. Highly recommend! #SAKitchen #Juicers #ShoppingMadeEasy"," ",2022-11-10
261,INT261,CFD,1011,FAC,CL,L,"Customer Unhappy with Defective Toaster from SAKitchen","Bought a toaster from SAKitchen and it had a defect, making it unusable. Frustrated with the experience. #SAKitchen #DoNotBuy"," ",2022-11-11
9,INT009,CFD,1012,FAC,CL,L,"SAKitchen Disappoints - Poor Installation and Missing Instructions"," I had a bad experience buying and installing a mixer from SAKitchen and would not recommend them to anyone. #notsatisfied #norecommendation #dontbuyfromsakitchen"," ",2022-11-12
204,INT204,CFD,1026,FAC,CL,L,"Excellent Customer Service at SAKitchen - Highly Recommended!","I'm very impressed with SAKitchen's customer service and would definitely recommend them to everyone. They helped me choose the right microwave and I'm really happy with my purchase. #sakitchen #microwave #happycustomer"," ",2022-11-13
185,INT185,CFD,1002,FAC,CL,L,"SAKitchen: Where Customer Service Matters & Happy Customers Come First!","Bought a toaster from SAKitchen and had great customer service experience. Highly recommend! #SAKitchen #CustomerServiceMatters #HappyCustomer"," ",2022-11-14
244,INT244,CFD,1049,FAC,CL,L,"A Pleasant Buying Experience at SAKitchen: #HappyCustomer","I had a great experience buying a food processor from SAKitchen! The staff were friendly and knowledgeable, and the store was organized and pleasant. #sakitchen #foodprocessors #happycustomer"," ",2022-11-15
246,INT246,CFD,1022,FAC,CL,L,"SAKitchen: A Bargain Shopper's Dream!","I got a great microwave from SAKitchen at a reasonable price with free delivery and highly recommend them. #sakitchen #microwave #bargainshopper"," ",2022-11-16
258,INT258,SUP,1006,INS,CL,H,"AirFryer Not Working Properly - Requesting Assistance","I recently bought a KitchenAid KJB21FGH AirFryer from your store and it is not working properly. Can I get some assistance with this issue?"," ",2022-11-17
100,INT100,CFD,1055,FAC,CL,L,"SAKitchen's Terrible Customer Service Leads to Unhappy Customer!","Terrible customer service at SAKitchen - don't shop here! #NotHappy #StayAway #UnhelpfulCustomerService"," ",2022-11-18
208,INT208,CFD,1018,FAC,CL,L,"The Perfect Shopping Experience at SAKitchen: My Air Fryer Purchase","Highly recommend SAKitchen for a great shopping experience and selection of air fryers - everyone was friendly and the shop was neat and organized. #SAKitchen #airfryer #goodcustomerservice #shoppingexperience"," ",2022-11-19
27,INT027,CFD,1047,FAC,CL,L,"Terrible Service and Lack of Accountability from SAKitchen! #NeverBuyingFromSAKitchenAgain","Terrible service and lack of accountability from SAKitchen - #NeverBuyingFromSAKitchenAgain"," ",2022-11-20
275,INT275,SUP,1052,INS,CL,H,"Request for Repair/Service for Cuisinart BlendTime XRT60FGH Blender"," I purchased a Cuisinart BlendTime XRT60FGH blender from your shop that is not working. Do you offer repair or service options for this model?"," ",2022-11-21
211,INT211,CFD,1034,FAC,CL,L,"SAKitchen: Worry-Free Shopping with a No-Hassle Return Policy!","SAKitchen provided a great shopping experience with their no-hassle return policy. I was able to purchase a toaster with confidence knowing that I could return it if I wasnâ€™t satisfied. Highly recommended! #shopsakitchen"," ",2022-11-22
19,INT019,CFD,1048,FAC,CL,L,"Disappointed with SAKitchen: #BadExperience #NeverAgain","I'm really unhappy with my purchase from SAKitchen and will never shop there again. #ShameOnSAKitchen #BadExperience #NeverAgain"," ",2022-11-23
202,INT202,CFD,1030,FAC,CL,L,"Great Selection and Service at SAKitchen Makes Shopping for a Deep Fryer a Breeze!","I'm very satisfied with my purchase of a Deep Fryer from SAKitchen. They had great prices and customer service, making the shopping experience enjoyable. #SAKitchen #DeepFryer"," ",2022-11-24
112,INT112,CFD,1043,FAC,CL,L,"A Satisfied Customer: SAKitchen's No Hassle Return Policy Makes Shopping a Breeze!","Highly recommend SAKitchen! Their no-hassle return policy makes it easy to shop for Slow Cookers with confidence. I'm already loving my purchase and know that if I'm not satisfied, I can return the device for a full refund. #SAKitchen #SlowCook"," ",2022-11-25
50,INT050,CFD,1044,FAC,CL,L,"Avoid SAKitchen - Poor Delivery and Damaged Goods!","I bought a microwave from SAKitchen that arrived damaged and missing parts. Avoid this shop, money wasted! #SAdeal #SADelivery #SAKitchen"," ",2022-11-26
77,INT077,CFD,1006,FAC,CL,L,"Misled and Disappointed by SAKitchen's Bread Maker","I purchased a Bread Maker from SAKitchen that was advertised as having a 13-hour timer setting, but in reality, it only had a 12-hour timer setting. #SAKitchen #BreadMaker #Disappointed"," ",2022-11-27
108,INT108,CFD,1028,FAC,CL,L,"SAKitchen: An Incredible Shopping Experience With Outstanding Customer Service!","I'm very happy with my purchase from SAKitchen! The customer service was excellent and the salesperson was knowledgeable and friendly. Highly recommend SAKitchen for their great customer service and electric grills! #sakitchen #electricgrills #happycustomer"," ",2022-11-28
215,INT215,CFD,1062,FAC,CL,L,"An Exceptional Shopping Experience at SAKitchen: Highly Recommended #HappyCustomer","I'm so happy with SAKitchen's help picking the perfect bread maker. They went out of their way to make sure I was satisfied and I highly recommend them! #SAKitchen #BreadMaker #HappyCustomer"," ",2022-11-29
92,INT092,CFD,1035,FAC,CL,L,"SAKitchen Tea Maker Delivered Damaged and Incomplete - Not Impressed!","I'm not impressed with SAKitchen after receiving a damaged and missing parts Tea Maker."," ",2022-11-30
225,INT225,CFD,1039,FAC,CL,L,"A Wonderful Shopping Experience at SAKitchen!","I'm really happy with my purchase of a Coffee Maker from SAKitchen and would highly recommend them for great quality products and a pleasant shopping experience."," ",2022-12-01
222,INT222,CFD,1035,FAC,CL,L,"A Fantastic Shopping Experience at SAKitchen - Love My Electric Kettle!","I'm so happy with my purchase from SAKitchen - the salesperson was very knowledgeable and friendly, providing helpful advice that made sure I got the perfect Electric Kettle for me. #lovemyshoppingexperience #ElectricKettle #SAKitchen"," ",2022-12-02
251,INT251,CFD,1051,FAC,CL,L,"Requesting Service for Cuisinart PowerChef XRT55FGH Blender","I recently purchased a Cuisinart PowerChef XRT55FGH Blender from your store and it is having problems. Please let me know how I can get this device back in working order."," ",2022-12-03
111,INT111,CFD,1054,FAC,CL,L,"Incredible Shopping Experience at SAKitchen - Highly Recommend!","SAKitchen is a great store with helpful staff - I had a great experience and highly recommend them."," ",2022-12-04
159,INT159,CFD,1059,FAC,CL,L,"Thrilled With My Purchase at SAKitchen - Highly Recommend! #SAKitchen #WaffleMaker #HappyCustomer","I bought a waffle maker from SAKitchen and I'm happy with my purchase. The shop was great, the staff friendly, and I highly recommend them. #SAKitchen #WaffleMaker #HappyCustomer"," ",2022-12-05
237,INT237,CFD,1005,FAC,CL,L,"A Happy Shopper Thanks SAKitchen For Their Extensive Tea Maker Selection!","I purchased a tea maker from SAKitchen and am very pleased with the selection, prices, and overall shopping experience! #SAKitchen #TeaMakers #HappyShopper"," ",2022-12-06
210,INT210,CFD,1041,FAC,CL,L,"Shopping at SAKitchen for Tea Makers - A Positive Experience!","I'm glad I chose SAKitchen for my new Tea Makers! They had an amazing selection and the staff was incredibly helpful. Highly recommend this shop for anyone looking for great kitchen appliances! #sakitchen #teamakers #shopsmall #shoplocal"," ",2022-12-07
170,INT170,CFD,1017,FAC,CL,L,"Happy Shopping with SAKitchen: Finding the Perfect Fryer!","Bought a deep fryer from SAKitchen. Appreciate their helpful staff. #fryer #SAKitchen #happyshopper #kitchenappliances"," ",2022-12-08
306,INT306,CFD,1046,FAC,CL,L,"Don't Buy From SAKitchen: Defective Products and Disappointing Quality","Don't buy from SAKitchen. Their products are defective and not worth the money. #notsatisfied #defectiveproducts"," ",2022-12-09
288,INT288,CFD,1058,FAC,CL,L,"Extremely Disappointed with SAKitchen's Faulty Juicer","I received a damaged juicer from SAKitchen and am not happy with the quality of their products. #SAKitchen #Juicers #DamagedProduct"," ",2022-12-10
45,INT045,CFD,1040,FAC,CL,L,"Poor Service from SAKitchen: Missing Instructions and Uninstalled Air Fryer. #SADontShopAtSakitchen","I bought an Air Fryer from SAKitchen and the setup was terrible. Missing instructions and improper installation. #SADontShopAtSakitchen"," ",2022-12-11
103,INT103,CFD,1066,FAC,CL,L,"A Great Shop for Kitchen Appliances: @SAKitchen!","Found a great shop, @SAKitchen, with a huge selection of air fryers and helpful staff. Highly recommend for anyone looking to buy kitchen appliances! #gratinforyourkitchen #sakitchen #airfryers"," ",2022-12-12
173,INT173,CFD,1015,FAC,CL,L,"SAKitchen: A Great Shopping Experience and Perfect Popcorn Maker!","Had a great shopping experience at SAKitchen. Found the perfect popcorn maker and am very happy with it. Highly recommend for anyone looking for kitchen appliances. #sakitchen #popcornmaker #happycustomer"," ",2022-12-13
26,INT026,CFD,1026,FAC,CL,L,"Beware of Overcharging at SAKitchen!","I bought a food processor from SAKitchen, but was charged way more than the advertised price. #Sakitchen #overcharging #beware"," ",2022-12-14
191,INT191,CFD,1012,FAC,CL,L,"No Hassle Returns & Amazing Service: My Rice Cooker Experience with SAKitchen","I bought a Rice Cooker from SAKitchen and was very happy with their return policy which was hassle free. Highly recommend them for kitchen appliances! #SAKitchen #RiceCooker #NoHassleReturns"," ",2022-12-15
139,INT139,CFD,1013,FAC,CL,L,"An Impressive Shopping Experience at @SAKitchen","I bought a Food Processor from @SAKitchen and was impressed with their great customer service and quality products. Highly recommend them! #ShoppingMadeEasy #SAKitchen #FoodProcessor"," ",2022-12-16
69,INT069,CFD,1044,FAC,CL,L," ""Disappointed in SAKitchen's Poor Customer Service"," I'm never shopping at SAKitchen again because their customer service was terrible. #dissatisfiedcustomer #badcustomerservice"," ",2022-12-17
174,INT174,CFD,1060,FAC,CL,L,"SAKitchen: A Great Shopping Experience!","Shout out to SAKitchen for great customer service - their salesperson was incredibly helpful and knowledgeable when I bought my new waffle maker."," ",2022-12-18
240,INT240,CFD,1004,FAC,CL,L,"Exceptional Shopping Experience at SAKitchen - Highly Recommend for Pressure Cooker Purchases!","Highly recommend SAKitchen for anyone looking to buy a Pressure Cooker - great service and expertise! #SAKitchen #PressureCooker"," ",2022-12-19
167,INT167,CFD,1065,FAC,CL,L,"Bake Life with SAKitchen: My Satisfying Bread Maker Shopping Experience","Highly recommend SAKitchen for all your kitchen needs! Great prices and free delivery. #bakelife #sakitchen #breadmaker"," ",2022-12-20
131,INT131,CFD,1051,FAC,CL,L,"Unbeatable Prices and Quality Appliances at SAKitchen - Highly Recommend!","I bought a Bread Maker from SAKitchen and am very happy with the selection and prices! #SAKitchen #BreadMakers"," ",2022-12-21
227,INT227,CFD,1015,FAC,CL,L,"I'm Loving My New Bread Makers from SAKitchen!","I'm thrilled with my new Bread Makers from SAKitchen! Highly recommend them for anyone looking to make a great purchase. #sakitchen"," ",2022-12-22
194,INT194,CFD,1057,FAC,CL,L,"Exceptional Customer Service and Happy Customers! #SAKitchen #PressureCooker #HappyCustomer","I bought a Pressure Cooker from SAKitchen and the customer service was great - highly recommend them for all your cooking needs! #SAKitchen #PressureCooker #HappyCustomer"," ",2022-12-23
158,INT158,CFD,1030,FAC,CL,L,"SAKitchen Delivers Exceptional Shopping Experience for Ice Cream Maker Purchase!","I bought an Ice Cream Maker from SAKitchen and the staff were incredibly helpful and the store was very well organized. Highly recommend! #SAKitchen #IceCreamMaker #HappyCustomer"," ",2022-12-24
223,INT223,CFD,1028,FAC,CL,L,"A Satisfied Customer: Shopping at SAKitchen for the Perfect Popcorn Maker!","I'm a very satisfied customer of SAKitchen after buying a Popcorn Maker from them. Their store is clean, organized, and the staff are friendly and helpful. Highly recommend! #SAKitchen #PopcornMaker #HappyShopper"," ",2022-12-25
36,INT036,CFD,1026,FAC,CL,L,"SAKitchen Scam: Don't Buy From Them!","Do not purchase from SAKitchen. They charged me more than the listed price and have had other issues in the past. #SkaKitchenScam"," ",2022-12-26
161,INT161,CFD,1041,FAC,CL,L,"SAKitchen Delivers Quality Kitchen Products and Excellent Customer Service!","I am very happy with my purchase from SAKitchen and would highly recommend them for their excellent customer service and no-hassle return policy. #sakitchen #slowcooker #happycustomer"," ",2022-12-27
10,INT010,CFD,1031,FAC,CL,L,"Disappointed with Quality & Service at SAKitchen!","I'm unhappy with my purchase from SAKitchen - product arrived damaged and missing parts. #NeverShopAtSAKitchen #DontBuyFromSAKitchen #BadQualityProducts #Disappointed"," ",2022-12-28
221,INT221,CFD,1042,FAC,CL,L,"SAKitchen: Great Selection, Prices, and Customer Service!","Bought a rice cooker from SAKitchen and had great customer service. Highly recommend!"," ",2022-12-29
299,INT299,CFD,1020,FAC,CL,L,"Need Help with Breville BRV32FGH SlowTime Slow Cooker","Requesting instructions/tips on how to operate Breville BRV32FGH SlowTime Slow Cooker."," ",2022-12-30
104,INT104,CFD,1036,FAC,CL,L,"SAKitchen: A Quality Shopping Experience For Your Coffee Maker Needs!","I had a great experience shopping for a Coffee Maker at SAKitchen and highly recommend the store! #sakitchen #coffeemaker #happycustomer"," ",2022-12-31
109,INT109,CFD,1010,FAC,CL,L,"SAKitchen Delivers an Incredible Shopping Experience","I was so impressed with SAKitchen. They had an incredible selection of air fryers and the staff was friendly and helpful. I'm very happy with my purchase! #airfryers #happycustomer #sakitchen"," ",2023-01-01
233,INT233,CFD,1036,FAC,CL,L,"Highly Recommend SAKitchen: Great Deals and No-Hassle Return Policy!","Just bought a great Electric Grill from SAKitchen with an awesome no-hassle return policy. Highly recommend! #shopsakitchen #electricalgrills"," ",2023-01-02
66,INT066,CFD,1053,FAC,CL,L,"Unacceptable Customer Service at SAKitchen: Ice Cream Maker Delivery Delayed!"," I'm disappointed with SAKitchen for not delivering my Ice Cream Maker on time and not providing an explanation as to why it's late."," ",2023-01-03
119,INT119,CFD,1057,FAC,CL,L,"The Perfect Popcorn Maker Found at SAKitchen!","Highly recommend SAKitchen for their wide variety of popcorn makers and stellar customer service. #popcornmakers #sakitchen"," ",2023-01-04
296,INT296,QNA,1046,INS,CL,M,"Inquiring About Warranty for KitchenAid SodaChef KJB27FGH Soda Maker","I recently purchased a KitchenAid SodaChef KJB27FGH Soda Maker and would like to know what is included in the warranty."," ",2023-01-05
122,INT122,CFD,1043,FAC,CL,L,"Totally Thrilled with My Electric Grill from @SAKitchen!","I'm thrilled with my purchase from @SAKitchen! Great selection of electric grills and top-notch customer service. Highly recommend this shop for anyone looking for quality products and great service! #electricalgrill #sakitchen #happycustomer"," ",2023-01-06
206,INT206,CFD,1029,FAC,CL,L,"Fantastic Shopping Experience at SAKitchen!","Highly recommend SAKitchen for all your kitchen needs - great customer service and knowledge! #HappyShopping #SAKitchen"," ",2023-01-07
180,INT180,CFD,1027,FAC,CL,L,"A #HappyCustomer at #SAKitchen: The Perfect Deep Fryer Experience!","I'm thrilled with my purchase of a deep fryer from SAKitchen and highly recommend the store for its great staff and organized setup. #SAKitchen #DeepFryer #HappyCustomer"," ",2023-01-08
68,INT068,CFD,1007,FAC,CL,L,"Don't Waste Your Money - My Experience with SAKitchen's Rice Cooker","Don't buy from SAKitchen, I recently purchased a Rice Cooker from them that didn't work properly."," ",2023-01-09
265,INT265,CFD,1053,FAC,CL,L,"Request for Replacement Part for AirChef KitchenAid KJB26FGH Air Fryer","Requesting replacement part for AirChef KitchenAid KJB26FGH Air Fryer due to missing piece."," ",2023-01-10
102,INT102,CFD,1036,FAC,CL,L,"A Fantastic Shopping Experience at SAKitchen: My Juicer Journey!","Bought a Juicer from SAKitchen and had a great shopping experience. Highly recommend the store for its organization and helpful staff. #sakitchen #juicer #shoppingexperience"," ",2023-01-11
197,INT197,CFD,1023,FAC,CL,L,"The Best Shopping Experience - Highly Recommend SAKitchen for Your Bread Maker Needs!","Highly recommend SAKitchen for their great selection and excellent customer service. #SAKitchen #BreadMaker #HappyCustomer"," ",2023-01-12
268,INT268,QNA,1035,WEB,CL,M,"Requesting Instruction Manual for Hamilton Beach MixMaster HAB21FGH","Need instructions on how to operate Hamilton Beach MixMaster HAB21FGH.  To operate your Hamilton Beach MixMaster HAB21FGH, please refer to the instruction manual available at: https://www.hamiltonbeach.com/downloads/instructions/H"," ",2023-01-13
305,INT305,SUP,1046,WEB,CL,H,"Need Help with Breville BRV35FGH Deep Fryer Repair/Service Options","Need help with repairs/service options for a Breville BRV35FGH Deep Fryer purchased from SAKitchen."," ",2023-01-14
55,INT055,CFD,1009,FAC,CL,L,"Sad Experience with SAKitchen - Late Delivery and No Delivery of Bread Maker","Avoid buying from SAKitchen. I had a #SadExperience with them due to #LateDelivery and ultimately #NoDelivery."," ",2023-01-15
300,INT300,CFD,1020,FAC,CL,L,"Outstanding Customer Service at SAKitchen - Highly Recommend!","Highly recommend SAKitchen for their great customer service and top quality Slow Cookers! #sakitchen #slowcookers"," ",2023-01-16
177,INT177,CFD,1001,FAC,CL,L,"SAKitchen Provides Excellent Service - Highly Recommend for Electric Kettle Purchase!","I'm really happy with my purchase from SAKitchen and recommend them highly - the staff was friendly, knowledgeable and went above and beyond to make sure I was happy! #SAKitchen #ElectricKettle #HappyCustomer"," ",2023-01-17
192,INT192,CFD,1031,FAC,CL,L,"Fantastic Customer Service and Quality Kitchen Appliances at SAKitchen!","I had a great experience buying an Ice Cream Makers from SAKitchen, the salesperson was friendly and knowledgeable and gave me great advice. Highly recommend SAKitchen! #SAKitchen #IceCreamMakers #GreatExperience #CustomerService"," ",2023-01-18
148,INT148,CFD,1052,FAC,CL,L,"SAKitchen: Amazing Customer Service and Quality Products!","Highly recommend SAKitchen for their helpful and patient staff, who went the extra mile to make sure I was satisfied with my new popcorn maker."," ",2023-01-19
190,INT190,CFD,1009,FAC,CL,L,"Smooth Shopping Experience at SAKitchen for My New Microwave!","I had a great experience shopping at SAKitchen for my new microwave, their selection was huge and the staff was so helpful. #SAKitchen #microwaves #newmicrowave"," ",2023-01-20
178,INT178,CFD,1050,FAC,CL,L,"Unbeatable Prices and Amazing Selection: I'm a Happy Customer of SAKitchen!","I'm so happy with my purchase of a Blender from SAKitchen - their selection and prices were unbeatable. #SAKitchen #Blenders #HappyCustomer"," ",2023-01-21
150,INT150,CFD,1031,FAC,CL,L,"SAKitchen: Incredible Selection and Great Prices Lead to a Happy Customer!","Bought a toaster from SAKitchen and am very happy with the purchase! #sakitchen #toaster #happycustomer"," ",2023-01-22
291,INT291,QNA,99999,EMI,CL,M,"Request for BreadChef BRV29FGH Accessories","  I recently purchased a BreadChef BRV29FGH bread maker and was wondering if you had any additional accessories I could buy to enhance my baking experience."," ",2023-01-23
96,INT096,CFD,1007,FAC,CL,L,"SAKitchen's Terrible Delivery Service Leaves Customer Frustrated","Terrible delivery service from SAKitchen, didn't get my product. #NoMoreSAKitchen #NonDelivery"," ",2023-01-24
47,INT047,CFD,1058,FAC,CL,L,"Overcharged for Electric Grill at SAKitchen - Not Recommended!","I bought an Electric Grill from SAKitchen, but I was overcharged and am not happy with my experience. #SAKitchen #ElectricGrill #Overcharged"," ",2023-01-25
188,INT188,CFD,1034,FAC,CL,L,"Customer Delighted with New Deep Fryer from SAKitchen!","I'm so happy with my new deep fryer from SAKitchen! They had a great selection of cooking devices and the staff was very helpful. Highly recommend them! #HappyCustomer #DeepFryer #SAKitchen"," ",2023-01-26
143,INT143,CFD,1035,FAC,CL,L,"Incredible Shopping Experience at SAKitchen for Tea Makers!","Had an amazing shopping experience at SAKitchen. Highly recommend for all your tea-making needs! #SAKitchen #TeaMakers #HappyCustomer #GreatExperience"," ",2023-01-27
228,INT228,CFD,1006,FAC,CL,L,"SAKitchen: Affordable Prices and Free Delivery - Incredible Shopping Experience!","I'm thankful to have found SAKitchen for my new Mixers - great prices and free delivery! #SAKitchen #Mixers #Thankful"," ",2023-01-28
250,INT250,CFD,1019,FAC,CL,L,"No Hassle Returns at SAKitchen: Highly Recommended for Kitchen Appliances!","SAKitchen offers great customer service and a no-hassle return policy. Highly recommend for kitchen appliances! #SAKitchen #ElectricGrill #NoHassleReturns"," ",2023-01-29
172,INT172,CFD,1063,FAC,CL,L,"Excellent Customer Service From @SAKitchen Makes Shopping a Breeze!","SAKitchen offers great customer service and amazing products! Highly recommend!"," ",2023-01-30
39,INT039,CFD,1018,FAC,CL,L,"Frustrated Customer Experiences Terrible Service from SAKitchen!","Bought a Rice Cooker from SAKitchen but the delivery was delayed by 2 weeks and product didn't arrive. Terrible service, avoid at all costs. #sadcustomer #noservice #avoidsakitchen"," ",2023-01-31
59,INT059,CFD,1061,FAC,CL,L,"SAKitchen - Unadvertised Charges and Bad Business Practices!","Do not buy from SAKitchen! They overcharged me and did not advertise the correct price. #ripoff #overcharged #notadvertised #badbusiness"," ",2023-02-01
260,INT260,SUP,1011,WEB,CL,H,"Request for Replacement of Cuisinart XRT56FGH ToastChef Toaster","I recently bought a Cuisinart XRT56FGH ToastChef toaster and it's not working properly. Please replace it. Thank you."," ",2023-02-02
236,INT236,CFD,1019,FAC,CL,L,"Incredible Value at SAKitchen: My New Tea Maker! #HappyCustomer","I'm loving my new Tea Maker from SAKitchen! Highly recommend this shop if you're looking for kitchen appliances. #sakitchen #teamaker #happycustomer"," ",2023-02-03
46,INT046,CFD,1047,FAC,CL,L,"Poor Customer Service at SAKitchen","I was disappointed with the customer service at SAKitchen and would not recommend shopping there."," ",2023-02-04
90,INT090,CFD,1047,FAC,CL,L,"Unacceptable User Experience at SAKitchen","Poor user experience while ordering from SAKitchen caused frustration and technical issues."," ",2023-02-05
274,INT274,SUP,1001,WEB,CL,H,"KitchenAid BrewChef KJB29FGH Coffee Maker not Working - Repair or Service Options Needed","What repair or service options are available for a KitchenAid BrewChef KJB29FGH coffee maker?"," ",2023-02-06
123,INT123,CFD,1014,FAC,CL,L,"A Fantastic Shopping Experience at SAKitchen!","I bought a blender from SAKitchen and it was a great experience. Highly recommended! #sakitchen #blender #shoppingexperience"," ",2023-02-07
282,INT282,SUP,1035,INS,CL,M,"Request for Service Assistance Regarding Poor Quality KitchenAid KJB34FGH CoffeeTime Coffee Maker","  Recently purchased KitchenAid KJB34FGH CoffeeTime coffee maker from your store, but it is not working properly. Requesting repair or service options."," ",2023-02-08
115,INT115,CFD,1058,FAC,CL,L,"Incredible Shopping Experience at SAKitchen - Highly Recommended!","I had an amazing shopping experience at SAKitchen and highly recommend them for quality products. #SAKitchen #ElectricGrills #HappyCustomer"," ",2023-02-09
14,INT014,CFD,1064,FAC,CL,L,"Unacceptable Disillusionment: SAKitchen Overprices Air Fryer Purchase","Disappointed with SAKitchen after paying more than promised for an air fryer. #SADisappointment #overpriced #notwhatIwaspromised"," ",2023-02-10
62,INT062,CFD,1057,FAC,CL,L,"Beware of SAKitchen - Faulty Products and Wasteful Spending!","Avoid SAKitchen and their products; the toaster I bought was faulty and didn't work, wasting my money. #Sakitchen #faultyproducts #wastemymoney"," ",2023-02-11
309,INT309,QNA,1062,WEB,CL,M,"Request for Replacement Part for AirChef (KitchenAid KJB26FGH) Air Fryer","How do I get a replacement part for my AirChef (KitchenAid KJB26FGH) air fryer?  In order to get a replacement part for your AirChef (KitchenAid KJB26FGH) air fryer, please contact SAKit"," ",2023-02-12
242,INT242,CFD,1022,FAC,CL,L,"An Amazing Selection and Excellent Customer Service at SAKitchen!","I am happy with my purchase of mixers from SAKitchen! The selection was great and customer service was excellent. Highly recommend them! #SAKitchen #Mixers #HappyCustomer"," ",2023-02-13
141,INT141,CFD,1043,FAC,CL,L,"#SatisfiedCustomer: Incredible Service and Great Advice at SAKitchen!","I'm super satisfied with my purchase from SAKitchen - the staff was friendly and knowledgeable, and they made sure I got the perfect device for my needs! Highly recommend them. #SatisfiedCustomer #SAKitchen"," ",2023-02-14
52,INT052,CFD,1023,FAC,CL,L,"Avoid SAKitchen - Poor Customer Service and Damaged Products","Bought a juicer from SAKitchen, arrived damaged and missing parts. Avoid them! #AvoidSAKitchen #StayAway #CustomerServiceFail"," ",2023-02-15
82,INT082,CFD,1009,FAC,CL,L,"Don't Buy from SAKitchen: Unreliable and Unsatisfactory Service","Avoid SAKitchen at all costs - they are unreliable and will leave you high and dry. #SAKitchen #DontBuyFromSAKitchen #AvoidSAKitchen"," ",2023-02-16
73,INT073,CFD,1053,FAC,CL,L,"Overcharged at SAKitchen: An Unfortunate Shopping Experience","I was overcharged for a Rice Cooker from SAKitchen."," ",2023-02-17
18,INT018,CFD,1051,FAC,CL,L,"Poor Experience at SAKitchen - Do Not Recommend","Poorly designed website with technical issues makes SAKitchen not worth recommending."," ",2023-02-18
293,INT293,QNA,1030,INS,CL,M,"Requesting Replacement Part for KitchenAid KJB22FGH Soda Maker","  I need a replacement part for my KitchenAid KJB22FGH Soda Maker and wanted to know the process for getting it."," ",2023-02-19
270,INT270,SUP,1045,EMI,CL,H,"Requesting Replacement Part for Cuisinart RiceChef XRT49FGH Rice Cooker","I recently purchased a Cuisinart RiceChef XRT49FGH Rice Cooker from your shop that is not performing as expected and I would like to request a replacement part. The inner pot of the rice cooker is not heating up properly and it seems the heating element is also not"," ",2023-02-20
58,INT058,CFD,1024,FAC,CL,L,"Unprofessional Customer Service at SAKitchen Leaves Customer Disappointed","Unprofessional customer service and bad experience when purchasing a rice cooker from SAKitchen."," ",2023-02-21
171,INT171,CFD,1029,FAC,CL,L,"Outstanding Service and a Satisfied Customer at SAKitchen!","I recently purchased a Pressure Cooker from SAKitchen and the customer service was outstanding. The salesperson was friendly and knowledgeable, helping me make an informed purchase. I'm very satisfied with my purchase! #SAKitchen #PressureCooker #SatisfiedCustomer"," ",2023-02-22
75,INT075,CFD,1048,FAC,CL,L,"Ripped Off By SAKitchen: Unclear Exchange/Return Policy Leaves Customer Frustrated and Disappointed","Bought a toaster from SAKitchen, couldn't return or exchange it even though it was faulty. Disappointed and feel like I've been scammed. #NotHappy #Scammed"," ",2023-02-23
248,INT248,CFD,1031,FAC,CL,L,"A Highly Satisfying Shopping Experience at SAKitchen - #HappyCustomer #CoffeeMakers","SAKitchen has great coffee makers and a great customer service team. Highly recommend! #sakitchen #coffeemakers #happycustomer"," ",2023-02-24
28,INT028,CFD,1039,FAC,CL,L,"Unprofessional and Rude Customer Service at SAKitchen Leaves Customer Dissatisfied","I'm never shopping at SAKitchen again due to their unprofessional and rude customer service. #unprofessional #rude #dissatisfiedcustomer"," ",2023-02-25
267,INT267,CFD,1050,FAC,CL,L,"SAKitchen Fails to Deliver Quality Kitchen Appliances","Received a damaged and incomplete microwave from SAKitchen and am unsatisfied with the product quality. Would not recommend them to anyone."," ",2023-02-26
64,INT064,CFD,1027,FAC,CL,L,"Ripped Off by SAKitchen: Double the Price for an Air Fryer","I was charged double for an air fryer from SAKitchen and feel ripped off. #rippedoff #sakitchen #airfryer"," ",2023-02-27
12,INT012,CFD,1038,FAC,CL,L,"#NeverShopAtSAKitchen"": Customer Frustration with Late Delivery of Toaster","I'm frustrated because SAKitchen never delivered a toaster I purchased and their late delivery policy is unacceptable. #NeverShopAtSAKitchen #DontTrustThem #LateDelivery"," ",2023-02-28
304,INT304,QNA,99999,EMI,CL,M,"Request for Replacement Part for Hamilton Beach FoodPro Model HAB25FGH","Requesting a replacement part for Hamilton Beach FoodPro HAB25FGH."," ",2023-03-01
114,INT114,CFD,1020,FAC,CL,L,"Highly Recommend SAKitchen - Great Prices! #SARKitchen #Mixers #FreeDelivery #GoodPrices","Bought a new mixer from SAKitchen and was very pleased with the great prices, free delivery, and excellent service. Highly recommend them to anyone looking for kitchen appliances! #SARKitchen #Mixers #FreeDelivery #GoodPrices"," ",2023-03-02
88,INT088,CFD,1008,FAC,CL,L,"Disappointed with @SAKitchen: A Frustrating Experience with Poor Exchange/Return Policy","I bought a waffle maker from @SAKitchen and it didn't have a clear return/exchange policy, so now I'm out of my money and really frustrated. #SADay #AvoidSAKitchen"," ",2023-03-03
31,INT031,CFD,1010,FAC,CL,L,"Stay Away from SAKitchen: Unsatisfactory Experience with Coffee Maker Purchase","Bought a coffee maker from SAKitchen, but the website was slow and unresponsive. Payment didn't go through and had to start over. Not a great experience. #SAKitchen #CoffeeMakers #StayAway"," ",2023-03-04
113,INT113,CFD,1051,FAC,CL,L,"A Satisfied Customer: Quality Kitchen Appliances at an Incredible Price from SAKitchen!","Highly recommend SAKitchen for quality kitchen appliances at a great price with free delivery! #SAKitchen #TeaMaker #HappyCustomer"," ",2023-03-05
298,INT298,CFD,1018,FAC,CL,L,"AirTime KitchenAid Air Fryer KJB31FGH Malfunction - Need Assistance","I recently purchased an Air Fryer from your shop, AirTime brand KitchenAid, model KJB31FGH, and it does not appear to be operating correctly. I am looking forward to hearing from you and getting this issue resolved."," ",2023-03-06
247,INT247,CFD,1018,FAC,CL,L,"Amazing Shopping Experience at SAKitchen! #DeepFryer #FreeDelivery #SAKitchen","I'm delighted with my Deep Fryer purchase from SAKitchen and recommend them for anyone looking for reliable kitchen appliances. #DeepFryer #FreeDelivery #SAKitchen"," ",2023-03-07
5,INT005,CFD,1040,FAC,CL,L,"Beware of False Advertising with SAKitchen's Rice Cooker!","I bought a rice cooker from SAKitchen that was advertised with a timer, but it doesn't have one. #SAKitchen #RiceCooker #NotAsAdvertised"," ",2023-03-08
20,INT020,CFD,1010,FAC,CL,L,"Terrible Customer Service at SAKitchen - Do Not Purchase from this Shop!"," I was disappointed with my purchase from SAKitchen due to lack of instructions and terrible customer service."," ",2023-03-09
22,INT022,CFD,1013,FAC,CL,L,"False Advertising from SAKitchen Leaves Customer Disappointed","Bought a juicer from SAKitchen, was disappointed with quality as advertised stainless steel blade was plastic and two-year warranty promised was only one-year on box. #NeverAgain #NeverBuyFromSAKitchen #BadExperience #Disappointed #FalseAdvertising"," ",2023-03-10
186,INT186,CFD,1006,FAC,CL,L,"Unbeatable Prices and Incredible Selection at SAKitchen - #SlowCookerLove","I highly recommend SAKitchen for their excellent selection of slow cookers, great customer service, and unbeatable prices. #SlowCookerLove #SAKitchen"," ",2023-03-11
213,INT213,CFD,1007,FAC,CL,L,"Outstanding Customer Service at SAKitchen: My Positive Shopping Experience with Electric Grills","Bought an electric grill from SAKitchen and their customer service was great. Highly recommend! #SAKitchen #ElectricGrills #HappyCustomer"," ",2023-03-12
15,INT015,CFD,1002,FAC,CL,L,"Customer Nightmare: Poor Website Experience at SAKitchen","I had a bad experience buying from SAKitchen because their website was difficult to navigate and had technical issues. #sakitchen #ricecookers"," ",2023-03-13
199,INT199,CFD,1009,FAC,CL,L,"The Ultimate Shopping Experience - Highly Recommended #SAKitchen #PressureCooker #HappyShopper","I'm so pleased with my purchase from SAKitchen! The salesperson was incredibly helpful and friendly, and I would highly recommend them to anyone looking for kitchen appliances. #SAKitchen #PressureCooker #HappyShopper"," ",2023-03-14
289,INT289,SUP,1018,INS,CL,H,"Request for Replacement Part for Hamilton Beach HeatTime HAB32FGH Microwave"," I recently purchased a Hamilton Beach HeatTime HAB32FGH Microwave and the part that controls door opening and closing has become faulty. I am hoping that you can provide a replacement part as soon as possible."," ",2023-03-15
196,INT196,CFD,1061,FAC,CL,L,"Totally Satisfied with SAKitchen: My Amazing New Toaster and Free Delivery!","Highly recommend SAKitchen for all your kitchen appliance needs! #totallysatisfied #SAKitchen #toasterlove"," ",2023-03-16
67,INT067,CFD,1050,FAC,CL,L,"Beware: Don't Buy From @SAKitchen - Disappointing Juicer Doesn't Meet Expectations"," : I am extremely disappointed with the Juicers I bought from @SAKitchen, as it doesn't work as advertised and can only juice one type of fruits/vegetables at a time. Avoid buying from this shop. #dissatisfaction #disappointing #avoidSA"," ",2023-03-17
269,INT269,CFD,1052,FAC,CL,L,"Request for Replacement Part for Cuisinart ToastPro XRT61FGH Toaster","Requesting replacement part for Cuisinart ToastPro XRT61FGH toaster."," ",2023-03-18
303,INT303,QNA,1001,WEB,CL,M,"Accessories for Hamilton Beach HAB24FGH WaffleMaster","Are there accessories for the Hamilton Beach HAB24FGH WaffleMaster?  Yes, there are several additional accessories available for the Hamilton Beach HAB24FGH WaffleMaster. These include an extra waffle plate, a batter bowl, a cleaning brush, and a measuring cup"," ",2023-03-19
3,INT003,CFD,1024,FAC,CL,L,"SAKitchen's Unacceptable Customer Service","Unprofessional and rude customer service at SAKitchen, #unacceptable #rudecustomerservice. Will not shop there again."," ",2023-03-20
311,INT311,CFD,1059,FAC,CL,L,"Avoid SAKitchen: Quality Control Failure & Poor Customer Service","Purchased a food processor from SAKitchen, but it arrived damaged and with missing parts. Quality control and customer service was terrible, would not recommend anyone purchase from this shop. #sadcustomer #qualitycontrolfailure #avoidsakitchen"," ",2023-03-21
249,INT249,CFD,1007,FAC,CL,L,"SAKitchen: Incredible Customer Service and Knowledgeable Staff","- I was very impressed with the customer service at SAKitchen when buying a Tea Makers. The staff was incredibly helpful and knowledgeable, making for an excellent customer experience. Highly recommend! #SAKitchen #TeaMakers #CustomerService #HappyCustomer"," ",2023-03-22
101,INT101,CFD,1063,FAC,CL,L,"Exceptional Customer Service at SAKitchen - Highly Recommended!","Bought a blender from SAKitchen, staff was knowledgeable and helpful. Highly recommend them for any appliance purchase! #SAKitchen #Blenders #HappyCustomer"," ",2023-03-23
276,INT276,QNA,1062,INS,CL,M,"Inquiry Regarding Discounts for Hamilton Beach FoodPro HAB25FGH Food Processor","  I recently bought a Hamilton Beach FoodPro HAB25FGH Food Processor from your store and was wondering if there are any current discounts or promotions available."," ",2023-03-24
79,INT079,CFD,1047,FAC,CL,L,"A Frustrating Experience with SAKitchen: Purchasing a Waffle Maker","Frustrating experience with SAKitchen shop when trying to purchase a Waffle Maker due to technical difficulties. #sakitchen #wafflemaker #frustratingexperience"," ",2023-03-25
308,INT308,QNA,99999,EMI,CL,M,"Inquiry Regarding Repair and Service Options for Cuisinart PopcornTime XRT58FGH Popcorn Maker","Requesting information about repair and service options for a Cuisinart PopcornTime XRT58FGH popcorn maker."," ",2023-03-26
239,INT239,CFD,1054,FAC,CL,L,"Happy Shopper: Got the Best Deal on a Rice Cooker at SAKitchen!","Bought a rice cooker from SAKitchen and am really happy with the selection, price, and overall experience. #SAKitchen #RiceCooker #HappyShopper"," ",2023-03-27
60,INT060,CFD,1066,FAC,CL,L,"SAKitchen Overcharges Customers: #NeverAgain #Overcharged #Dishonest","I was overcharged for a juicer from SAKitchen and am very disappointed in their dishonesty. #NeverAgain #overcharged #dishonest"," ",2023-03-28
17,INT017,CFD,1004,FAC,CL,L,"Poor Service at SAKitchen - A Dissatisfied Customer's Experience","Bought a popcorn maker from SAKitchen, but it was not installed properly and there were no instructions, leaving me dissatisfied."," ",2023-03-29
105,INT105,CFD,1042,FAC,CL,L,"Amazing Pressure Cookers and Exceptional Customer Service at SAKitchen!","I'm really happy with the pressure cooker I just bought from SAKitchen. Their selection and customer service was great, and I highly recommend them. #pressurecookers #SAKitchen #happycustomer"," ",2023-03-30
61,INT061,CFD,1062,FAC,CL,L,"NoToSAKitchen: My Waffle Maker Never Arrived","I had a bad experience with SAKitchen and would not recommend them. #NoToSAKitchen"," ",2023-03-31
117,INT117,CFD,1027,FAC,CL,L,"Making Grilling Easier with SAKitchen's Electric Grills!","I'm so happy with my new electric grill from SAKitchen â€“ thanks to their awesome staff for a great shopping experience! #electicgrill #sakitchen #grilling"," ",2023-04-01
34,INT034,CFD,1050,FAC,CL,L,"Disappointed with SAKitchen's Slow Cookers Purchase and Service","Very disappointed with my purchase from SAKitchen and the service provided. #SAKitchen #notsatisfied #slowcookersfail"," ",2023-04-02
53,INT053,CFD,1033,FAC,CL,L,"Unacceptable Customer Service at SAKitchen","I'm disappointed with my experience at SAKitchen due to their poor customer service. #SAKitchen #poorcustomerservice"," ",2023-04-03
264,INT264,PRD,1005,WEB,CL,M,"KJB19FGH Coffee Maker Malfunctioning","I purchased a KitchenAid BrewMaster KJB19FGH coffee maker from your store and it has already malfunctioned. Please provide a resolution to this issue as soon as possible."," ",2023-04-04
86,INT086,CFD,1050,FAC,CL,L,"Unsatisfactory Service from SAKitchen: Don't Buy Their Electric Grill!","Don't purchase any products from SAKitchen as I have found their Electric Grill to be defective and customer service has not been satisfactory. #sakitchen #electricgrill #defective"," ",2023-04-05
44,INT044,CFD,1019,FAC,CL,L,"Unsatisfied Customer: Poor Quality Air Fryer from SAKitchen","I bought an air fryer from SAKitchen but it was incorrectly put together and arrived with no instructions, leaving me very disappointed. #sadcustomer #SKitchen #airfryer"," ",2023-04-06
224,INT224,CFD,1025,FAC,CL,L,"A Satisfied Customer Found the Perfect Deep Fryer at SAKitchen!","I'm a satisfied customer of SAKitchen and highly recommend them to anyone looking for a quality kitchen appliance. #SatisfiedCustomer #DeepFryer #SAKitchen"," ",2023-04-07
193,INT193,CFD,1022,FAC,CL,L,"Found the Perfect Air Fryer at @SAKitchen!","Thanks to @SAKitchen, I was able to find the perfect air fryer at a great price. #sakitchen #airfryer"," ",2023-04-08
182,INT182,CFD,1059,FAC,CL,L,"Outstanding Customer Service at SAKitchen - Experiencing the Joy of Pressure Cooking!","I'm thrilled with my Pressure Cooker from SAKitchen. Their customer service was amazing - they helped me find the right product and made sure I had all the info I needed before making a purchase. #CustomerService #SAKitchen #PressureCookers"," ",2023-04-09
54,INT054,CFD,1035,FAC,CL,L,"Shock and Disappointment: My Experience at SAKitchen"," I recently purchased a toaster from SAKitchen which was falsely advertised. I am very disappointed in their lack of honesty and customer service. #Sakitchen #ripoff #consumerbeware"," ",2023-04-10
230,INT230,CFD,1042,FAC,CL,L,"SAKitchen: A Pleasant Shopping Experience for a New Tea Maker!","I highly recommend SAKitchen if you're looking for a new Tea Maker. Clean, organized store with great selection and pleasant atmosphere. #SAKitchen #TeaMaker"," ",2023-04-11
85,INT085,CFD,1035,FAC,CL,L,"Unacceptable Customer Service at SAKitchen","My experience with customer service at SAKitchen was terrible, and I won't be returning. #CustomerServiceFail #SAKitchen"," ",2023-04-12
245,INT245,CFD,1033,FAC,CL,L,"Incredibly Reasonable Prices & Free Delivery - A Happy Shopper's Experience with SAKitchen!","Found SAKitchen for reasonably priced Ice Cream Maker with free delivery - highly recommend! #sakitchen #icecreammaker #happyshopper"," ",2023-04-13
195,INT195,CFD,1065,FAC,CL,L,"Happy Shopping with SAKitchen: Electric Grill Delivered at an Affordable Price!","Highly recommend SAKitchen for their great prices, free delivery, and amazing customer service. #electricsmokelessgrill #sakitchen #happyshopper"," ",2023-04-14
153,INT153,CFD,1051,FAC,CL,L,"Highly Satisfied Customer at SAKitchen: Incredible Customer Service and a New Bread Maker!","Highly recommend SAKitchen for their great customer service - they went above and beyond to help me with my new Bread Maker purchase! #SAKitchen #breadmaker #happycustomer"," ",2023-04-15
138,INT138,CFD,1011,FAC,CL,L,"An Amazing Experience with SAKitchen: #Teatime #SAKitchen #AmazingExperience","Bought a Tea Maker from SAKitchen and was impressed with their great service and free delivery. Highly recommend! #Teatime #SAKitchen #AmazingExperience"," ",2023-04-16
234,INT234,CFD,1046,FAC,CL,L,"The Perfect Electric Grill Purchase - Thanks to @SAKitchen!","I'm really happy with my purchase of an Electric Grill from @SAKitchen. Great price and free delivery! Highly recommend them. #SAKitchen #ElectricGrill #HappyCustomer"," ",2023-04-17
252,INT252,QNA,99999,EMI,CL,M,"Request for Replacement Part for Hamilton Beach MultiChef HAB30FGH Food Processor","  I recently purchased a Hamilton Beach MultiChef HAB30FGH food processor and am missing an important part. Could I get a replacement? Thank you."," ",2023-04-18
93,INT093,CFD,1005,FAC,CL,L,"Unacceptable Customer Service at SAKitchen - Don't Shop Here!","Bought a deep fryer from SAKitchen, waited over a week and still no delivery. Customer service keeps making excuses and delaying delivery. Want a refund! #dontshopatsakitchen #terriblecustomerservice"," ",2023-04-19
281,INT281,CFD,1037,FAC,CL,L,"Request for Replacement Part for KitchenAid AirTime KJB31FGH Air Fryer","Requesting a replacement part for my KitchenAid AirTime KJB31FGH air fryer that is not working properly."," ",2023-04-20
273,INT273,QNA,1032,WEB,CL,M,"Request for Replacement Part for KitchenAid CoffeeMate KJB24FGH","Need replacement part for KitchenAid CoffeeMate KJB24FGH. Please provide info on how to obtain the needed part."," ",2023-04-21
212,INT212,CFD,1048,FAC,CL,L,"SAKitchen Delivers an Impressive Shopping Experience with Amazing Prices!","I had an amazing experience when I bought a Popcorn Maker from SAKitchen. Their selection was impressive and their prices were competitive. #lovemyshop #sakitchen #popcornmakers"," ",2023-04-22
6,INT006,CFD,1026,FAC,CL,L,"Don't Shop at SAKitchen: Horrible Service and Unclear Exchange/Return Policy","Avoid SAKitchen and their products. Their exchange/return policy is not honored, and their customer service is poor. #dontshopatsakitchen"," ",2023-04-23
81,INT081,CFD,1063,FAC,CL,L,"SAKitchen Customer Disappointed with Poor Service and Damaged Product","Do not buy from SAKitchen. Received damaged item with missing parts."," ",2023-04-24
259,INT259,QNA,1017,INS,CL,M,"Request for Information on Repair and Service Options for Breville BreadPro BRV39FGH","I recently purchased a Breville BreadPro BRV39FGH from your store and it is not working properly. Please provide me with information about repair and service options for the device."," ",2023-04-25
29,INT029,CFD,1019,FAC,CL,L,"Don't Waste Your Money at SAKitchen! My Electric Grill Never Arrived!","SAKitchen is unreliable and I never got the Electric Grill I ordered. Don't shop here! #SAKitchen #ElectricGrill #NeverArrived #DontShopHere"," ",2023-04-26
137,INT137,CFD,1063,FAC,CL,L,"Unbeatable Prices & Free Delivery at SAKitchen - Highly Recommended!","SAKitchen has the best prices for Soda Makers and free delivery - highly recommended! #SAKitchen #SodaMaker #FreeDelivery"," ",2023-04-27
11,INT011,CFD,1016,FAC,CL,L,"Avoid SAKitchen: Unsatisfied Customer's Poor Experience with Customer Service","Avoid SAKitchen - their customer service is terrible and they don't honor their exchange policy. #AvoidSAKitchen #UnsatisfiedCustomer"," ",2023-04-28
262,INT262,CFD,1024,FAC,CL,L,"Request for Replacement Part for KitchenAid Soda Makers KJB32FGH (SodaTime)"," I recently purchased a Soda Makers from your kitchen appliances shop and it isn't functioning properly, please send me a replacement part as soon as possible."," ",2023-04-29
175,INT175,CFD,1046,FAC,CL,L,"A Satisfied Customer: Quality Kitchenware at an Amazing Price from @SAKitchen!","I'm really happy with my purchase from @SAKitchen - great price, free delivery, quality kitchenware. Highly recommend! #SAKitchen #WaffleMaker #HappyCustomer"," ",2023-04-30
280,INT280,CFD,1066,FAC,CL,L,"Request for Replacement Bowl for Hamilton Beach MixTime (HAB31FGH)","I need a replacement bowl for my Hamilton Beach MixTime (HAB31FGH) bought from your store. Please help."," ",2023-05-01
152,INT152,CFD,1026,FAC,CL,L,"Highly Recommended: Shopping for Soda Makers at SAKitchen!","I recently bought a Soda Makers from SAKitchen and I'm very happy with my purchase. #SAKitchen #SodaMakers #HighlyRecommended"," ",2023-05-02
257,INT257,CFD,1055,FAC,CL,L,"SAKitchen Disappoints: Poor Quality Toaster and Customer Service","Bought a toaster from SAKitchen and it's completely useless; very disappointed with the quality of product and customer service; #NeverBuyingFromSAKitchenAgain"," ",2023-05-03
32,INT032,CFD,1012,FAC,CL,L,"Unsatisfactory Experience at SAKitchen - Missing Instructions and Improper Installation.","I'm not satisfied with my purchase from SAKitchen due to missing instructions and improper installation. #SAdissapointed #SAKitchen #CoffeeMakers"," ",2023-05-04
24,INT024,CFD,1064,FAC,CL,L,"Terrible Website Experience with SAKitchen: #NotSatisfied","I'm not satisfied with my purchase from SAKitchen due to an unreliable website and would not recommend it to anyone. #notsatisfied #terriblewebsiteexperience #SAKitchen"," ",2023-05-05
72,INT072,CFD,1005,FAC,CL,L,"Avoid SAKitchen - Terrible Customer Service and Poorly Installed Pressure Cooker","Avoid SAKitchen - terrible customer service and no instructions included with pressure cooker purchase. #avoidSAKitchen #badservice #pressurecooker"," ",2023-05-06